LibraryName,LibraryLayout,fastq1,slnline,mom,selftrt,spraytrt,time,shortname,group,IBDSev,IDnum
60164,Single,"60164_ATTACTCG-TATAGCCT_S1_L001_R1_001.fastq.gz, 60164_ATTACTCG-TATAGCCT_S1_L002_R1_001.fastq.gz, 60164_ATTACTCG-TATAGCCT_S1_L003_R1_001.fastq.gz, 60164_ATTACTCG-TATAGCCT_S1_L004_R1_001.fastq.gz, 60164_ATTACTCG-TATAGCCT_S1_L005_R1_001.fastq.gz, 60164_ATTACTCG-TATAGCCT_S1_L006_R1_001.fastq.gz, 60164_ATTACTCG-TATAGCCT_S1_L007_R1_001.fastq.gz",R,356,I,NS,8,NS.8.I.R.356,1,H,1031
60165,Single,"60165_ATTACTCG-ATAGAGGC_S2_L001_R1_001.fastq.gz, 60165_ATTACTCG-ATAGAGGC_S2_L002_R1_001.fastq.gz, 60165_ATTACTCG-ATAGAGGC_S2_L003_R1_001.fastq.gz, 60165_ATTACTCG-ATAGAGGC_S2_L004_R1_001.fastq.gz, 60165_ATTACTCG-ATAGAGGC_S2_L005_R1_001.fastq.gz, 60165_ATTACTCG-ATAGAGGC_S2_L006_R1_001.fastq.gz, 60165_ATTACTCG-ATAGAGGC_S2_L007_R1_001.fastq.gz",C,125,O,NS,8,NS.8.O.C.125,5,L,935
60166,Single,"60166_ATTACTCG-CCTATCCT_S3_L001_R1_001.fastq.gz, 60166_ATTACTCG-CCTATCCT_S3_L002_R1_001.fastq.gz, 60166_ATTACTCG-CCTATCCT_S3_L003_R1_001.fastq.gz, 60166_ATTACTCG-CCTATCCT_S3_L004_R1_001.fastq.gz, 60166_ATTACTCG-CCTATCCT_S3_L005_R1_001.fastq.gz, 60166_ATTACTCG-CCTATCCT_S3_L006_R1_001.fastq.gz, 60166_ATTACTCG-CCTATCCT_S3_L007_R1_001.fastq.gz",R,356,O,NS,8,NS.8.O.R.356,5,H,1010
60167,Single,"60167_ATTACTCG-GGCTCTGA_S4_L001_R1_001.fastq.gz, 60167_ATTACTCG-GGCTCTGA_S4_L002_R1_001.fastq.gz, 60167_ATTACTCG-GGCTCTGA_S4_L003_R1_001.fastq.gz, 60167_ATTACTCG-GGCTCTGA_S4_L004_R1_001.fastq.gz, 60167_ATTACTCG-GGCTCTGA_S4_L005_R1_001.fastq.gz, 60167_ATTACTCG-GGCTCTGA_S4_L006_R1_001.fastq.gz, 60167_ATTACTCG-GGCTCTGA_S4_L007_R1_001.fastq.gz",C,125,I,NS,8,NS.8.I.C.125,1,L,1076
60168,Single,"60168_ATTACTCG-AGGCGAAG_S5_L001_R1_001.fastq.gz, 60168_ATTACTCG-AGGCGAAG_S5_L002_R1_001.fastq.gz, 60168_ATTACTCG-AGGCGAAG_S5_L003_R1_001.fastq.gz, 60168_ATTACTCG-AGGCGAAG_S5_L004_R1_001.fastq.gz, 60168_ATTACTCG-AGGCGAAG_S5_L005_R1_001.fastq.gz, 60168_ATTACTCG-AGGCGAAG_S5_L006_R1_001.fastq.gz, 60168_ATTACTCG-AGGCGAAG_S5_L007_R1_001.fastq.gz",S,64,O,NS,8,NS.8.O.S.64,5,L,923
60169,Single,"60169_ATTACTCG-TAATCTTA_S6_L001_R1_001.fastq.gz, 60169_ATTACTCG-TAATCTTA_S6_L002_R1_001.fastq.gz, 60169_ATTACTCG-TAATCTTA_S6_L003_R1_001.fastq.gz, 60169_ATTACTCG-TAATCTTA_S6_L004_R1_001.fastq.gz, 60169_ATTACTCG-TAATCTTA_S6_L005_R1_001.fastq.gz, 60169_ATTACTCG-TAATCTTA_S6_L006_R1_001.fastq.gz, 60169_ATTACTCG-TAATCTTA_S6_L007_R1_001.fastq.gz",S,64,I,NS,8,NS.8.I.S.64,1,L,1056
60170,Single,"60170_ATTACTCG-CAGGACGT_S7_L001_R1_001.fastq.gz, 60170_ATTACTCG-CAGGACGT_S7_L002_R1_001.fastq.gz, 60170_ATTACTCG-CAGGACGT_S7_L003_R1_001.fastq.gz, 60170_ATTACTCG-CAGGACGT_S7_L004_R1_001.fastq.gz, 60170_ATTACTCG-CAGGACGT_S7_L005_R1_001.fastq.gz, 60170_ATTACTCG-CAGGACGT_S7_L006_R1_001.fastq.gz, 60170_ATTACTCG-CAGGACGT_S7_L007_R1_001.fastq.gz",C,125,O,S,8,S.8.O.C.125,7,L,302
60171,Single,"60171_ATTACTCG-GTACTGAC_S8_L001_R1_001.fastq.gz, 60171_ATTACTCG-GTACTGAC_S8_L002_R1_001.fastq.gz, 60171_ATTACTCG-GTACTGAC_S8_L003_R1_001.fastq.gz, 60171_ATTACTCG-GTACTGAC_S8_L004_R1_001.fastq.gz, 60171_ATTACTCG-GTACTGAC_S8_L005_R1_001.fastq.gz, 60171_ATTACTCG-GTACTGAC_S8_L006_R1_001.fastq.gz, 60171_ATTACTCG-GTACTGAC_S8_L007_R1_001.fastq.gz",C,125,I,S,8,S.8.I.C.125,3,L,1
60172,Single,"60172_TCCGGAGA-TATAGCCT_S9_L001_R1_001.fastq.gz, 60172_TCCGGAGA-TATAGCCT_S9_L002_R1_001.fastq.gz, 60172_TCCGGAGA-TATAGCCT_S9_L003_R1_001.fastq.gz, 60172_TCCGGAGA-TATAGCCT_S9_L004_R1_001.fastq.gz, 60172_TCCGGAGA-TATAGCCT_S9_L005_R1_001.fastq.gz, 60172_TCCGGAGA-TATAGCCT_S9_L006_R1_001.fastq.gz, 60172_TCCGGAGA-TATAGCCT_S9_L007_R1_001.fastq.gz",S,64,O,S,8,S.8.O.S.64,7,L,209
60173,Single,"60173_TCCGGAGA-ATAGAGGC_S10_L001_R1_001.fastq.gz, 60173_TCCGGAGA-ATAGAGGC_S10_L002_R1_001.fastq.gz, 60173_TCCGGAGA-ATAGAGGC_S10_L003_R1_001.fastq.gz, 60173_TCCGGAGA-ATAGAGGC_S10_L004_R1_001.fastq.gz, 60173_TCCGGAGA-ATAGAGGC_S10_L005_R1_001.fastq.gz, 60173_TCCGGAGA-ATAGAGGC_S10_L006_R1_001.fastq.gz, 60173_TCCGGAGA-ATAGAGGC_S10_L007_R1_001.fastq.gz",S,64,I,S,8,S.8.I.S.64,3,L,321
60174,Single,"60174_TCCGGAGA-CCTATCCT_S11_L001_R1_001.fastq.gz, 60174_TCCGGAGA-CCTATCCT_S11_L002_R1_001.fastq.gz, 60174_TCCGGAGA-CCTATCCT_S11_L003_R1_001.fastq.gz, 60174_TCCGGAGA-CCTATCCT_S11_L004_R1_001.fastq.gz, 60174_TCCGGAGA-CCTATCCT_S11_L005_R1_001.fastq.gz, 60174_TCCGGAGA-CCTATCCT_S11_L006_R1_001.fastq.gz, 60174_TCCGGAGA-CCTATCCT_S11_L007_R1_001.fastq.gz",R,356,O,S,8,S.8.O.R.356,7,H,335
60175,Single,"60175_TCCGGAGA-GGCTCTGA_S12_L001_R1_001.fastq.gz, 60175_TCCGGAGA-GGCTCTGA_S12_L002_R1_001.fastq.gz, 60175_TCCGGAGA-GGCTCTGA_S12_L003_R1_001.fastq.gz, 60175_TCCGGAGA-GGCTCTGA_S12_L004_R1_001.fastq.gz, 60175_TCCGGAGA-GGCTCTGA_S12_L005_R1_001.fastq.gz, 60175_TCCGGAGA-GGCTCTGA_S12_L006_R1_001.fastq.gz, 60175_TCCGGAGA-GGCTCTGA_S12_L007_R1_001.fastq.gz",R,356,I,S,8,S.8.I.R.356,3,H,44
60176,Single,"60176_TCCGGAGA-AGGCGAAG_S13_L001_R1_001.fastq.gz, 60176_TCCGGAGA-AGGCGAAG_S13_L002_R1_001.fastq.gz, 60176_TCCGGAGA-AGGCGAAG_S13_L003_R1_001.fastq.gz, 60176_TCCGGAGA-AGGCGAAG_S13_L004_R1_001.fastq.gz, 60176_TCCGGAGA-AGGCGAAG_S13_L005_R1_001.fastq.gz, 60176_TCCGGAGA-AGGCGAAG_S13_L006_R1_001.fastq.gz, 60176_TCCGGAGA-AGGCGAAG_S13_L007_R1_001.fastq.gz",C,125,O,S,32,S.32.O.C.125,8,L,40
60177,Single,"60177_TCCGGAGA-TAATCTTA_S14_L001_R1_001.fastq.gz, 60177_TCCGGAGA-TAATCTTA_S14_L002_R1_001.fastq.gz, 60177_TCCGGAGA-TAATCTTA_S14_L003_R1_001.fastq.gz, 60177_TCCGGAGA-TAATCTTA_S14_L004_R1_001.fastq.gz, 60177_TCCGGAGA-TAATCTTA_S14_L005_R1_001.fastq.gz, 60177_TCCGGAGA-TAATCTTA_S14_L006_R1_001.fastq.gz, 60177_TCCGGAGA-TAATCTTA_S14_L007_R1_001.fastq.gz",S,64,I,S,32,S.32.I.S.64,4,L,251
60178,Single,"60178_TCCGGAGA-CAGGACGT_S15_L001_R1_001.fastq.gz, 60178_TCCGGAGA-CAGGACGT_S15_L002_R1_001.fastq.gz, 60178_TCCGGAGA-CAGGACGT_S15_L003_R1_001.fastq.gz, 60178_TCCGGAGA-CAGGACGT_S15_L004_R1_001.fastq.gz, 60178_TCCGGAGA-CAGGACGT_S15_L005_R1_001.fastq.gz, 60178_TCCGGAGA-CAGGACGT_S15_L006_R1_001.fastq.gz, 60178_TCCGGAGA-CAGGACGT_S15_L007_R1_001.fastq.gz",R,356,I,S,32,S.32.I.R.356,4,H,73
60179,Single,"60179_TCCGGAGA-GTACTGAC_S16_L001_R1_001.fastq.gz, 60179_TCCGGAGA-GTACTGAC_S16_L002_R1_001.fastq.gz, 60179_TCCGGAGA-GTACTGAC_S16_L003_R1_001.fastq.gz, 60179_TCCGGAGA-GTACTGAC_S16_L004_R1_001.fastq.gz, 60179_TCCGGAGA-GTACTGAC_S16_L005_R1_001.fastq.gz, 60179_TCCGGAGA-GTACTGAC_S16_L006_R1_001.fastq.gz, 60179_TCCGGAGA-GTACTGAC_S16_L007_R1_001.fastq.gz",R,356,O,S,32,S.32.O.R.356,8,H,128
60180,Single,"60180_CGCTCATT-TATAGCCT_S17_L001_R1_001.fastq.gz, 60180_CGCTCATT-TATAGCCT_S17_L002_R1_001.fastq.gz, 60180_CGCTCATT-TATAGCCT_S17_L003_R1_001.fastq.gz, 60180_CGCTCATT-TATAGCCT_S17_L004_R1_001.fastq.gz, 60180_CGCTCATT-TATAGCCT_S17_L005_R1_001.fastq.gz, 60180_CGCTCATT-TATAGCCT_S17_L006_R1_001.fastq.gz, 60180_CGCTCATT-TATAGCCT_S17_L007_R1_001.fastq.gz",C,125,I,S,32,S.32.I.C.125,4,L,158
60181,Single,"60181_CGCTCATT-ATAGAGGC_S18_L001_R1_001.fastq.gz, 60181_CGCTCATT-ATAGAGGC_S18_L002_R1_001.fastq.gz, 60181_CGCTCATT-ATAGAGGC_S18_L003_R1_001.fastq.gz, 60181_CGCTCATT-ATAGAGGC_S18_L004_R1_001.fastq.gz, 60181_CGCTCATT-ATAGAGGC_S18_L005_R1_001.fastq.gz, 60181_CGCTCATT-ATAGAGGC_S18_L006_R1_001.fastq.gz, 60181_CGCTCATT-ATAGAGGC_S18_L007_R1_001.fastq.gz",S,64,O,S,32,S.32.O.S.64,8,L,53
60182,Single,"60182_CGCTCATT-CCTATCCT_S19_L001_R1_001.fastq.gz, 60182_CGCTCATT-CCTATCCT_S19_L002_R1_001.fastq.gz, 60182_CGCTCATT-CCTATCCT_S19_L003_R1_001.fastq.gz, 60182_CGCTCATT-CCTATCCT_S19_L004_R1_001.fastq.gz, 60182_CGCTCATT-CCTATCCT_S19_L005_R1_001.fastq.gz, 60182_CGCTCATT-CCTATCCT_S19_L006_R1_001.fastq.gz, 60182_CGCTCATT-CCTATCCT_S19_L007_R1_001.fastq.gz",R,356,O,NS,32,NS.32.O.R.356,6,H,1042
60183,Single,"60183_CGCTCATT-GGCTCTGA_S20_L001_R1_001.fastq.gz, 60183_CGCTCATT-GGCTCTGA_S20_L002_R1_001.fastq.gz, 60183_CGCTCATT-GGCTCTGA_S20_L003_R1_001.fastq.gz, 60183_CGCTCATT-GGCTCTGA_S20_L004_R1_001.fastq.gz, 60183_CGCTCATT-GGCTCTGA_S20_L005_R1_001.fastq.gz, 60183_CGCTCATT-GGCTCTGA_S20_L006_R1_001.fastq.gz, 60183_CGCTCATT-GGCTCTGA_S20_L007_R1_001.fastq.gz",C,125,I,NS,32,NS.32.I.C.125,2,L,782
60184,Single,"60184_CGCTCATT-AGGCGAAG_S21_L001_R1_001.fastq.gz, 60184_CGCTCATT-AGGCGAAG_S21_L002_R1_001.fastq.gz, 60184_CGCTCATT-AGGCGAAG_S21_L003_R1_001.fastq.gz, 60184_CGCTCATT-AGGCGAAG_S21_L004_R1_001.fastq.gz, 60184_CGCTCATT-AGGCGAAG_S21_L005_R1_001.fastq.gz, 60184_CGCTCATT-AGGCGAAG_S21_L006_R1_001.fastq.gz, 60184_CGCTCATT-AGGCGAAG_S21_L007_R1_001.fastq.gz",S,64,O,NS,32,NS.32.O.S.64,6,L,849
60185,Single,"60185_CGCTCATT-TAATCTTA_S22_L001_R1_001.fastq.gz, 60185_CGCTCATT-TAATCTTA_S22_L002_R1_001.fastq.gz, 60185_CGCTCATT-TAATCTTA_S22_L003_R1_001.fastq.gz, 60185_CGCTCATT-TAATCTTA_S22_L004_R1_001.fastq.gz, 60185_CGCTCATT-TAATCTTA_S22_L005_R1_001.fastq.gz, 60185_CGCTCATT-TAATCTTA_S22_L006_R1_001.fastq.gz, 60185_CGCTCATT-TAATCTTA_S22_L007_R1_001.fastq.gz",R,356,I,NS,32,NS.32.I.R.356,2,H,834
60186,Single,"60186_CGCTCATT-CAGGACGT_S23_L001_R1_001.fastq.gz, 60186_CGCTCATT-CAGGACGT_S23_L002_R1_001.fastq.gz, 60186_CGCTCATT-CAGGACGT_S23_L003_R1_001.fastq.gz, 60186_CGCTCATT-CAGGACGT_S23_L004_R1_001.fastq.gz, 60186_CGCTCATT-CAGGACGT_S23_L005_R1_001.fastq.gz, 60186_CGCTCATT-CAGGACGT_S23_L006_R1_001.fastq.gz, 60186_CGCTCATT-CAGGACGT_S23_L007_R1_001.fastq.gz",C,125,O,NS,32,NS.32.O.C.125,6,L,902
60187,Single,"60187_CGCTCATT-GTACTGAC_S24_L001_R1_001.fastq.gz, 60187_CGCTCATT-GTACTGAC_S24_L002_R1_001.fastq.gz, 60187_CGCTCATT-GTACTGAC_S24_L003_R1_001.fastq.gz, 60187_CGCTCATT-GTACTGAC_S24_L004_R1_001.fastq.gz, 60187_CGCTCATT-GTACTGAC_S24_L005_R1_001.fastq.gz, 60187_CGCTCATT-GTACTGAC_S24_L006_R1_001.fastq.gz, 60187_CGCTCATT-GTACTGAC_S24_L007_R1_001.fastq.gz",S,64,I,NS,32,NS.32.I.S.64,2,L,770
60188,Single,"60188_GAGATTCC-TATAGCCT_S25_L001_R1_001.fastq.gz, 60188_GAGATTCC-TATAGCCT_S25_L002_R1_001.fastq.gz, 60188_GAGATTCC-TATAGCCT_S25_L003_R1_001.fastq.gz, 60188_GAGATTCC-TATAGCCT_S25_L004_R1_001.fastq.gz, 60188_GAGATTCC-TATAGCCT_S25_L005_R1_001.fastq.gz, 60188_GAGATTCC-TATAGCCT_S25_L006_R1_001.fastq.gz, 60188_GAGATTCC-TATAGCCT_S25_L007_R1_001.fastq.gz",C,152,I,S,32,S.32.I.C.152,4,H,223
60190,Single,"60190_GAGATTCC-CCTATCCT_S26_L001_R1_001.fastq.gz, 60190_GAGATTCC-CCTATCCT_S26_L002_R1_001.fastq.gz, 60190_GAGATTCC-CCTATCCT_S26_L003_R1_001.fastq.gz, 60190_GAGATTCC-CCTATCCT_S26_L004_R1_001.fastq.gz, 60190_GAGATTCC-CCTATCCT_S26_L005_R1_001.fastq.gz, 60190_GAGATTCC-CCTATCCT_S26_L006_R1_001.fastq.gz, 60190_GAGATTCC-CCTATCCT_S26_L007_R1_001.fastq.gz",S,75,O,S,32,S.32.O.S.75,8,L,7
60191,Single,"60191_GAGATTCC-GGCTCTGA_S27_L001_R1_001.fastq.gz, 60191_GAGATTCC-GGCTCTGA_S27_L002_R1_001.fastq.gz, 60191_GAGATTCC-GGCTCTGA_S27_L003_R1_001.fastq.gz, 60191_GAGATTCC-GGCTCTGA_S27_L004_R1_001.fastq.gz, 60191_GAGATTCC-GGCTCTGA_S27_L005_R1_001.fastq.gz, 60191_GAGATTCC-GGCTCTGA_S27_L006_R1_001.fastq.gz, 60191_GAGATTCC-GGCTCTGA_S27_L007_R1_001.fastq.gz",R,328,I,S,32,S.32.I.R.328,4,L,149
60192,Single,"60192_GAGATTCC-AGGCGAAG_S28_L001_R1_001.fastq.gz, 60192_GAGATTCC-AGGCGAAG_S28_L002_R1_001.fastq.gz, 60192_GAGATTCC-AGGCGAAG_S28_L003_R1_001.fastq.gz, 60192_GAGATTCC-AGGCGAAG_S28_L004_R1_001.fastq.gz, 60192_GAGATTCC-AGGCGAAG_S28_L005_R1_001.fastq.gz, 60192_GAGATTCC-AGGCGAAG_S28_L006_R1_001.fastq.gz, 60192_GAGATTCC-AGGCGAAG_S28_L007_R1_001.fastq.gz",S,75,I,S,32,S.32.I.S.75,4,L,78
60193,Single,"60193_GAGATTCC-TAATCTTA_S29_L001_R1_001.fastq.gz, 60193_GAGATTCC-TAATCTTA_S29_L002_R1_001.fastq.gz, 60193_GAGATTCC-TAATCTTA_S29_L003_R1_001.fastq.gz, 60193_GAGATTCC-TAATCTTA_S29_L004_R1_001.fastq.gz, 60193_GAGATTCC-TAATCTTA_S29_L005_R1_001.fastq.gz, 60193_GAGATTCC-TAATCTTA_S29_L006_R1_001.fastq.gz, 60193_GAGATTCC-TAATCTTA_S29_L007_R1_001.fastq.gz",C,152,O,S,32,S.32.O.C.152,8,H,340
60194,Single,"60194_GAGATTCC-CAGGACGT_S30_L001_R1_001.fastq.gz, 60194_GAGATTCC-CAGGACGT_S30_L002_R1_001.fastq.gz, 60194_GAGATTCC-CAGGACGT_S30_L003_R1_001.fastq.gz, 60194_GAGATTCC-CAGGACGT_S30_L004_R1_001.fastq.gz, 60194_GAGATTCC-CAGGACGT_S30_L005_R1_001.fastq.gz, 60194_GAGATTCC-CAGGACGT_S30_L006_R1_001.fastq.gz, 60194_GAGATTCC-CAGGACGT_S30_L007_R1_001.fastq.gz",C,152,I,NS,32,NS.32.I.C.152,2,H,802
60195,Single,"60195_GAGATTCC-GTACTGAC_S31_L001_R1_001.fastq.gz, 60195_GAGATTCC-GTACTGAC_S31_L002_R1_001.fastq.gz, 60195_GAGATTCC-GTACTGAC_S31_L003_R1_001.fastq.gz, 60195_GAGATTCC-GTACTGAC_S31_L004_R1_001.fastq.gz, 60195_GAGATTCC-GTACTGAC_S31_L005_R1_001.fastq.gz, 60195_GAGATTCC-GTACTGAC_S31_L006_R1_001.fastq.gz, 60195_GAGATTCC-GTACTGAC_S31_L007_R1_001.fastq.gz",S,75,I,NS,32,NS.32.I.S.75,2,L,1017
60196,Single,"60196_ATTCAGAA-TATAGCCT_S32_L001_R1_001.fastq.gz, 60196_ATTCAGAA-TATAGCCT_S32_L002_R1_001.fastq.gz, 60196_ATTCAGAA-TATAGCCT_S32_L003_R1_001.fastq.gz, 60196_ATTCAGAA-TATAGCCT_S32_L004_R1_001.fastq.gz, 60196_ATTCAGAA-TATAGCCT_S32_L005_R1_001.fastq.gz, 60196_ATTCAGAA-TATAGCCT_S32_L006_R1_001.fastq.gz, 60196_ATTCAGAA-TATAGCCT_S32_L007_R1_001.fastq.gz",C,152,O,NS,32,NS.32.O.C.152,6,H,1024
60197,Single,"60197_ATTCAGAA-ATAGAGGC_S33_L001_R1_001.fastq.gz, 60197_ATTCAGAA-ATAGAGGC_S33_L002_R1_001.fastq.gz, 60197_ATTCAGAA-ATAGAGGC_S33_L003_R1_001.fastq.gz, 60197_ATTCAGAA-ATAGAGGC_S33_L004_R1_001.fastq.gz, 60197_ATTCAGAA-ATAGAGGC_S33_L005_R1_001.fastq.gz, 60197_ATTCAGAA-ATAGAGGC_S33_L006_R1_001.fastq.gz, 60197_ATTCAGAA-ATAGAGGC_S33_L007_R1_001.fastq.gz",R,328,I,NS,32,NS.32.I.R.328,2,L,1002
60198,Single,"60198_ATTCAGAA-CCTATCCT_S34_L001_R1_001.fastq.gz, 60198_ATTCAGAA-CCTATCCT_S34_L002_R1_001.fastq.gz, 60198_ATTCAGAA-CCTATCCT_S34_L003_R1_001.fastq.gz, 60198_ATTCAGAA-CCTATCCT_S34_L004_R1_001.fastq.gz, 60198_ATTCAGAA-CCTATCCT_S34_L005_R1_001.fastq.gz, 60198_ATTCAGAA-CCTATCCT_S34_L006_R1_001.fastq.gz, 60198_ATTCAGAA-CCTATCCT_S34_L007_R1_001.fastq.gz",R,328,O,NS,32,NS.32.O.R.328,6,L,922
60199,Single,"60199_ATTCAGAA-GGCTCTGA_S35_L001_R1_001.fastq.gz, 60199_ATTCAGAA-GGCTCTGA_S35_L002_R1_001.fastq.gz, 60199_ATTCAGAA-GGCTCTGA_S35_L003_R1_001.fastq.gz, 60199_ATTCAGAA-GGCTCTGA_S35_L004_R1_001.fastq.gz, 60199_ATTCAGAA-GGCTCTGA_S35_L005_R1_001.fastq.gz, 60199_ATTCAGAA-GGCTCTGA_S35_L006_R1_001.fastq.gz, 60199_ATTCAGAA-GGCTCTGA_S35_L007_R1_001.fastq.gz",S,75,O,NS,32,NS.32.O.S.75,6,L,1072
60200,Single,"60200_ATTCAGAA-AGGCGAAG_S36_L001_R1_001.fastq.gz, 60200_ATTCAGAA-AGGCGAAG_S36_L002_R1_001.fastq.gz, 60200_ATTCAGAA-AGGCGAAG_S36_L003_R1_001.fastq.gz, 60200_ATTCAGAA-AGGCGAAG_S36_L004_R1_001.fastq.gz, 60200_ATTCAGAA-AGGCGAAG_S36_L005_R1_001.fastq.gz, 60200_ATTCAGAA-AGGCGAAG_S36_L006_R1_001.fastq.gz, 60200_ATTCAGAA-AGGCGAAG_S36_L007_R1_001.fastq.gz",S,75,O,S,8,S.8.O.S.75,7,L,160
60201,Single,"60201_ATTCAGAA-TAATCTTA_S37_L001_R1_001.fastq.gz, 60201_ATTCAGAA-TAATCTTA_S37_L002_R1_001.fastq.gz, 60201_ATTCAGAA-TAATCTTA_S37_L003_R1_001.fastq.gz, 60201_ATTCAGAA-TAATCTTA_S37_L004_R1_001.fastq.gz, 60201_ATTCAGAA-TAATCTTA_S37_L005_R1_001.fastq.gz, 60201_ATTCAGAA-TAATCTTA_S37_L006_R1_001.fastq.gz, 60201_ATTCAGAA-TAATCTTA_S37_L007_R1_001.fastq.gz",S,75,I,S,8,S.8.I.S.75,3,L,225
60202,Single,"60202_ATTCAGAA-CAGGACGT_S38_L001_R1_001.fastq.gz, 60202_ATTCAGAA-CAGGACGT_S38_L002_R1_001.fastq.gz, 60202_ATTCAGAA-CAGGACGT_S38_L003_R1_001.fastq.gz, 60202_ATTCAGAA-CAGGACGT_S38_L004_R1_001.fastq.gz, 60202_ATTCAGAA-CAGGACGT_S38_L005_R1_001.fastq.gz, 60202_ATTCAGAA-CAGGACGT_S38_L006_R1_001.fastq.gz, 60202_ATTCAGAA-CAGGACGT_S38_L007_R1_001.fastq.gz",C,152,I,S,8,S.8.I.C.152,3,H,331
60203,Single,"60203_ATTCAGAA-GTACTGAC_S39_L001_R1_001.fastq.gz, 60203_ATTCAGAA-GTACTGAC_S39_L002_R1_001.fastq.gz, 60203_ATTCAGAA-GTACTGAC_S39_L003_R1_001.fastq.gz, 60203_ATTCAGAA-GTACTGAC_S39_L004_R1_001.fastq.gz, 60203_ATTCAGAA-GTACTGAC_S39_L005_R1_001.fastq.gz, 60203_ATTCAGAA-GTACTGAC_S39_L006_R1_001.fastq.gz, 60203_ATTCAGAA-GTACTGAC_S39_L007_R1_001.fastq.gz",C,152,O,S,8,S.8.O.C.152,7,H,24
60204,Single,"60204_GAATTCGT-TATAGCCT_S40_L001_R1_001.fastq.gz, 60204_GAATTCGT-TATAGCCT_S40_L002_R1_001.fastq.gz, 60204_GAATTCGT-TATAGCCT_S40_L003_R1_001.fastq.gz, 60204_GAATTCGT-TATAGCCT_S40_L004_R1_001.fastq.gz, 60204_GAATTCGT-TATAGCCT_S40_L005_R1_001.fastq.gz, 60204_GAATTCGT-TATAGCCT_S40_L006_R1_001.fastq.gz, 60204_GAATTCGT-TATAGCCT_S40_L007_R1_001.fastq.gz",R,328,I,S,8,S.8.I.R.328,3,L,167
60205,Single,"60205_GAATTCGT-ATAGAGGC_S41_L001_R1_001.fastq.gz, 60205_GAATTCGT-ATAGAGGC_S41_L002_R1_001.fastq.gz, 60205_GAATTCGT-ATAGAGGC_S41_L003_R1_001.fastq.gz, 60205_GAATTCGT-ATAGAGGC_S41_L004_R1_001.fastq.gz, 60205_GAATTCGT-ATAGAGGC_S41_L005_R1_001.fastq.gz, 60205_GAATTCGT-ATAGAGGC_S41_L006_R1_001.fastq.gz, 60205_GAATTCGT-ATAGAGGC_S41_L007_R1_001.fastq.gz",R,328,O,S,8,S.8.O.R.328,7,L,146
60206,Single,"60206_GAATTCGT-CCTATCCT_S42_L001_R1_001.fastq.gz, 60206_GAATTCGT-CCTATCCT_S42_L002_R1_001.fastq.gz, 60206_GAATTCGT-CCTATCCT_S42_L003_R1_001.fastq.gz, 60206_GAATTCGT-CCTATCCT_S42_L004_R1_001.fastq.gz, 60206_GAATTCGT-CCTATCCT_S42_L005_R1_001.fastq.gz, 60206_GAATTCGT-CCTATCCT_S42_L006_R1_001.fastq.gz, 60206_GAATTCGT-CCTATCCT_S42_L007_R1_001.fastq.gz",S,75,I,NS,8,NS.8.I.S.75,1,L,753
60207,Single,"60207_GAATTCGT-GGCTCTGA_S43_L001_R1_001.fastq.gz, 60207_GAATTCGT-GGCTCTGA_S43_L002_R1_001.fastq.gz, 60207_GAATTCGT-GGCTCTGA_S43_L003_R1_001.fastq.gz, 60207_GAATTCGT-GGCTCTGA_S43_L004_R1_001.fastq.gz, 60207_GAATTCGT-GGCTCTGA_S43_L005_R1_001.fastq.gz, 60207_GAATTCGT-GGCTCTGA_S43_L006_R1_001.fastq.gz, 60207_GAATTCGT-GGCTCTGA_S43_L007_R1_001.fastq.gz",R,328,I,NS,8,NS.8.I.R.328,1,L,776
60209,Single,"60209_GAATTCGT-TAATCTTA_S44_L001_R1_001.fastq.gz, 60209_GAATTCGT-TAATCTTA_S44_L002_R1_001.fastq.gz, 60209_GAATTCGT-TAATCTTA_S44_L003_R1_001.fastq.gz, 60209_GAATTCGT-TAATCTTA_S44_L004_R1_001.fastq.gz, 60209_GAATTCGT-TAATCTTA_S44_L005_R1_001.fastq.gz, 60209_GAATTCGT-TAATCTTA_S44_L006_R1_001.fastq.gz, 60209_GAATTCGT-TAATCTTA_S44_L007_R1_001.fastq.gz",C,152,O,NS,8,NS.8.O.C.152,5,H,747
60210,Single,"60210_GAATTCGT-CAGGACGT_S45_L001_R1_001.fastq.gz, 60210_GAATTCGT-CAGGACGT_S45_L002_R1_001.fastq.gz, 60210_GAATTCGT-CAGGACGT_S45_L003_R1_001.fastq.gz, 60210_GAATTCGT-CAGGACGT_S45_L004_R1_001.fastq.gz, 60210_GAATTCGT-CAGGACGT_S45_L005_R1_001.fastq.gz, 60210_GAATTCGT-CAGGACGT_S45_L006_R1_001.fastq.gz, 60210_GAATTCGT-CAGGACGT_S45_L007_R1_001.fastq.gz",S,75,O,NS,8,NS.8.O.S.75,5,L,798
60211,Single,"60211_GAATTCGT-GTACTGAC_S46_L001_R1_001.fastq.gz, 60211_GAATTCGT-GTACTGAC_S46_L002_R1_001.fastq.gz, 60211_GAATTCGT-GTACTGAC_S46_L003_R1_001.fastq.gz, 60211_GAATTCGT-GTACTGAC_S46_L004_R1_001.fastq.gz, 60211_GAATTCGT-GTACTGAC_S46_L005_R1_001.fastq.gz, 60211_GAATTCGT-GTACTGAC_S46_L006_R1_001.fastq.gz, 60211_GAATTCGT-GTACTGAC_S46_L007_R1_001.fastq.gz",C,152,I,NS,8,NS.8.I.C.152,1,H,791
60212,Single,"60212_CTGAAGCT-TATAGCCT_S47_L001_R1_001.fastq.gz, 60212_CTGAAGCT-TATAGCCT_S47_L002_R1_001.fastq.gz, 60212_CTGAAGCT-TATAGCCT_S47_L003_R1_001.fastq.gz, 60212_CTGAAGCT-TATAGCCT_S47_L004_R1_001.fastq.gz, 60212_CTGAAGCT-TATAGCCT_S47_L005_R1_001.fastq.gz, 60212_CTGAAGCT-TATAGCCT_S47_L006_R1_001.fastq.gz, 60212_CTGAAGCT-TATAGCCT_S47_L007_R1_001.fastq.gz",R,303,O,S,8,S.8.O.R.303,7,L,353
60213,Single,"60213_CTGAAGCT-ATAGAGGC_S48_L001_R1_001.fastq.gz, 60213_CTGAAGCT-ATAGAGGC_S48_L002_R1_001.fastq.gz, 60213_CTGAAGCT-ATAGAGGC_S48_L003_R1_001.fastq.gz, 60213_CTGAAGCT-ATAGAGGC_S48_L004_R1_001.fastq.gz, 60213_CTGAAGCT-ATAGAGGC_S48_L005_R1_001.fastq.gz, 60213_CTGAAGCT-ATAGAGGC_S48_L006_R1_001.fastq.gz, 60213_CTGAAGCT-ATAGAGGC_S48_L007_R1_001.fastq.gz",C,163,O,S,8,S.8.O.C.163,7,L,320
60214,Single,"60214_CTGAAGCT-CCTATCCT_S49_L001_R1_001.fastq.gz, 60214_CTGAAGCT-CCTATCCT_S49_L002_R1_001.fastq.gz, 60214_CTGAAGCT-CCTATCCT_S49_L003_R1_001.fastq.gz, 60214_CTGAAGCT-CCTATCCT_S49_L004_R1_001.fastq.gz, 60214_CTGAAGCT-CCTATCCT_S49_L005_R1_001.fastq.gz, 60214_CTGAAGCT-CCTATCCT_S49_L006_R1_001.fastq.gz, 60214_CTGAAGCT-CCTATCCT_S49_L007_R1_001.fastq.gz",S,102,I,S,8,S.8.I.S.102,3,H,226
60215,Single,"60215_CTGAAGCT-GGCTCTGA_S50_L001_R1_001.fastq.gz, 60215_CTGAAGCT-GGCTCTGA_S50_L002_R1_001.fastq.gz, 60215_CTGAAGCT-GGCTCTGA_S50_L003_R1_001.fastq.gz, 60215_CTGAAGCT-GGCTCTGA_S50_L004_R1_001.fastq.gz, 60215_CTGAAGCT-GGCTCTGA_S50_L005_R1_001.fastq.gz, 60215_CTGAAGCT-GGCTCTGA_S50_L006_R1_001.fastq.gz, 60215_CTGAAGCT-GGCTCTGA_S50_L007_R1_001.fastq.gz",S,102,O,S,8,S.8.O.S.102,7,H,30
60216,Single,"60216_CTGAAGCT-AGGCGAAG_S51_L001_R1_001.fastq.gz, 60216_CTGAAGCT-AGGCGAAG_S51_L002_R1_001.fastq.gz, 60216_CTGAAGCT-AGGCGAAG_S51_L003_R1_001.fastq.gz, 60216_CTGAAGCT-AGGCGAAG_S51_L004_R1_001.fastq.gz, 60216_CTGAAGCT-AGGCGAAG_S51_L005_R1_001.fastq.gz, 60216_CTGAAGCT-AGGCGAAG_S51_L006_R1_001.fastq.gz, 60216_CTGAAGCT-AGGCGAAG_S51_L007_R1_001.fastq.gz",C,163,I,S,8,S.8.I.C.163,3,L,39
60217,Single,"60217_CTGAAGCT-TAATCTTA_S52_L001_R1_001.fastq.gz, 60217_CTGAAGCT-TAATCTTA_S52_L002_R1_001.fastq.gz, 60217_CTGAAGCT-TAATCTTA_S52_L003_R1_001.fastq.gz, 60217_CTGAAGCT-TAATCTTA_S52_L004_R1_001.fastq.gz, 60217_CTGAAGCT-TAATCTTA_S52_L005_R1_001.fastq.gz, 60217_CTGAAGCT-TAATCTTA_S52_L006_R1_001.fastq.gz, 60217_CTGAAGCT-TAATCTTA_S52_L007_R1_001.fastq.gz",R,303,I,S,8,S.8.I.R.303,3,L,313
60218,Single,"60218_CTGAAGCT-CAGGACGT_S53_L001_R1_001.fastq.gz, 60218_CTGAAGCT-CAGGACGT_S53_L002_R1_001.fastq.gz, 60218_CTGAAGCT-CAGGACGT_S53_L003_R1_001.fastq.gz, 60218_CTGAAGCT-CAGGACGT_S53_L004_R1_001.fastq.gz, 60218_CTGAAGCT-CAGGACGT_S53_L005_R1_001.fastq.gz, 60218_CTGAAGCT-CAGGACGT_S53_L006_R1_001.fastq.gz, 60218_CTGAAGCT-CAGGACGT_S53_L007_R1_001.fastq.gz",R,303,O,NS,8,NS.8.O.R.303,5,L,994
60219,Single,"60219_CTGAAGCT-GTACTGAC_S54_L001_R1_001.fastq.gz, 60219_CTGAAGCT-GTACTGAC_S54_L002_R1_001.fastq.gz, 60219_CTGAAGCT-GTACTGAC_S54_L003_R1_001.fastq.gz, 60219_CTGAAGCT-GTACTGAC_S54_L004_R1_001.fastq.gz, 60219_CTGAAGCT-GTACTGAC_S54_L005_R1_001.fastq.gz, 60219_CTGAAGCT-GTACTGAC_S54_L006_R1_001.fastq.gz, 60219_CTGAAGCT-GTACTGAC_S54_L007_R1_001.fastq.gz",C,163,O,NS,8,NS.8.O.C.163,5,L,1053
60220,Single,"60220_TAATGCGC-TATAGCCT_S55_L001_R1_001.fastq.gz, 60220_TAATGCGC-TATAGCCT_S55_L002_R1_001.fastq.gz, 60220_TAATGCGC-TATAGCCT_S55_L003_R1_001.fastq.gz, 60220_TAATGCGC-TATAGCCT_S55_L004_R1_001.fastq.gz, 60220_TAATGCGC-TATAGCCT_S55_L005_R1_001.fastq.gz, 60220_TAATGCGC-TATAGCCT_S55_L006_R1_001.fastq.gz, 60220_TAATGCGC-TATAGCCT_S55_L007_R1_001.fastq.gz",C,163,I,NS,8,NS.8.I.C.163,1,L,973
60221,Single,"60221_TAATGCGC-ATAGAGGC_S56_L001_R1_001.fastq.gz, 60221_TAATGCGC-ATAGAGGC_S56_L002_R1_001.fastq.gz, 60221_TAATGCGC-ATAGAGGC_S56_L003_R1_001.fastq.gz, 60221_TAATGCGC-ATAGAGGC_S56_L004_R1_001.fastq.gz, 60221_TAATGCGC-ATAGAGGC_S56_L005_R1_001.fastq.gz, 60221_TAATGCGC-ATAGAGGC_S56_L006_R1_001.fastq.gz, 60221_TAATGCGC-ATAGAGGC_S56_L007_R1_001.fastq.gz",S,102,O,NS,8,NS.8.O.S.102,5,H,953
60222,Single,"60222_TAATGCGC-CCTATCCT_S57_L001_R1_001.fastq.gz, 60222_TAATGCGC-CCTATCCT_S57_L002_R1_001.fastq.gz, 60222_TAATGCGC-CCTATCCT_S57_L003_R1_001.fastq.gz, 60222_TAATGCGC-CCTATCCT_S57_L004_R1_001.fastq.gz, 60222_TAATGCGC-CCTATCCT_S57_L005_R1_001.fastq.gz, 60222_TAATGCGC-CCTATCCT_S57_L006_R1_001.fastq.gz, 60222_TAATGCGC-CCTATCCT_S57_L007_R1_001.fastq.gz",R,303,I,NS,8,NS.8.I.R.303,1,L,1005
60223,Single,"60223_TAATGCGC-GGCTCTGA_S58_L001_R1_001.fastq.gz, 60223_TAATGCGC-GGCTCTGA_S58_L002_R1_001.fastq.gz, 60223_TAATGCGC-GGCTCTGA_S58_L003_R1_001.fastq.gz, 60223_TAATGCGC-GGCTCTGA_S58_L004_R1_001.fastq.gz, 60223_TAATGCGC-GGCTCTGA_S58_L005_R1_001.fastq.gz, 60223_TAATGCGC-GGCTCTGA_S58_L006_R1_001.fastq.gz, 60223_TAATGCGC-GGCTCTGA_S58_L007_R1_001.fastq.gz",S,102,I,NS,8,NS.8.I.S.102,1,H,974
60224,Single,"60224_TAATGCGC-AGGCGAAG_S59_L001_R1_001.fastq.gz, 60224_TAATGCGC-AGGCGAAG_S59_L002_R1_001.fastq.gz, 60224_TAATGCGC-AGGCGAAG_S59_L003_R1_001.fastq.gz, 60224_TAATGCGC-AGGCGAAG_S59_L004_R1_001.fastq.gz, 60224_TAATGCGC-AGGCGAAG_S59_L005_R1_001.fastq.gz, 60224_TAATGCGC-AGGCGAAG_S59_L006_R1_001.fastq.gz, 60224_TAATGCGC-AGGCGAAG_S59_L007_R1_001.fastq.gz",S,102,O,S,32,S.32.O.S.102,8,H,50
60225,Single,"60225_TAATGCGC-TAATCTTA_S60_L001_R1_001.fastq.gz, 60225_TAATGCGC-TAATCTTA_S60_L002_R1_001.fastq.gz, 60225_TAATGCGC-TAATCTTA_S60_L003_R1_001.fastq.gz, 60225_TAATGCGC-TAATCTTA_S60_L004_R1_001.fastq.gz, 60225_TAATGCGC-TAATCTTA_S60_L005_R1_001.fastq.gz, 60225_TAATGCGC-TAATCTTA_S60_L006_R1_001.fastq.gz, 60225_TAATGCGC-TAATCTTA_S60_L007_R1_001.fastq.gz",S,102,I,S,32,S.32.I.S.102,4,H,8
60226,Single,"60226_TAATGCGC-CAGGACGT_S61_L001_R1_001.fastq.gz, 60226_TAATGCGC-CAGGACGT_S61_L002_R1_001.fastq.gz, 60226_TAATGCGC-CAGGACGT_S61_L003_R1_001.fastq.gz, 60226_TAATGCGC-CAGGACGT_S61_L004_R1_001.fastq.gz, 60226_TAATGCGC-CAGGACGT_S61_L005_R1_001.fastq.gz, 60226_TAATGCGC-CAGGACGT_S61_L006_R1_001.fastq.gz, 60226_TAATGCGC-CAGGACGT_S61_L007_R1_001.fastq.gz",C,163,I,S,32,S.32.I.C.163,4,L,258
60227,Single,"60227_TAATGCGC-GTACTGAC_S62_L001_R1_001.fastq.gz, 60227_TAATGCGC-GTACTGAC_S62_L002_R1_001.fastq.gz, 60227_TAATGCGC-GTACTGAC_S62_L003_R1_001.fastq.gz, 60227_TAATGCGC-GTACTGAC_S62_L004_R1_001.fastq.gz, 60227_TAATGCGC-GTACTGAC_S62_L005_R1_001.fastq.gz, 60227_TAATGCGC-GTACTGAC_S62_L006_R1_001.fastq.gz, 60227_TAATGCGC-GTACTGAC_S62_L007_R1_001.fastq.gz",R,303,O,S,32,S.32.O.R.303,8,L,347
60228,Single,"60228_CGGCTATG-TATAGCCT_S63_L001_R1_001.fastq.gz, 60228_CGGCTATG-TATAGCCT_S63_L002_R1_001.fastq.gz, 60228_CGGCTATG-TATAGCCT_S63_L003_R1_001.fastq.gz, 60228_CGGCTATG-TATAGCCT_S63_L004_R1_001.fastq.gz, 60228_CGGCTATG-TATAGCCT_S63_L005_R1_001.fastq.gz, 60228_CGGCTATG-TATAGCCT_S63_L006_R1_001.fastq.gz, 60228_CGGCTATG-TATAGCCT_S63_L007_R1_001.fastq.gz",R,303,I,S,32,S.32.I.R.303,4,L,125
60229,Single,"60229_CGGCTATG-ATAGAGGC_S64_L001_R1_001.fastq.gz, 60229_CGGCTATG-ATAGAGGC_S64_L002_R1_001.fastq.gz, 60229_CGGCTATG-ATAGAGGC_S64_L003_R1_001.fastq.gz, 60229_CGGCTATG-ATAGAGGC_S64_L004_R1_001.fastq.gz, 60229_CGGCTATG-ATAGAGGC_S64_L005_R1_001.fastq.gz, 60229_CGGCTATG-ATAGAGGC_S64_L006_R1_001.fastq.gz, 60229_CGGCTATG-ATAGAGGC_S64_L007_R1_001.fastq.gz",C,163,O,S,32,S.32.O.C.163,8,L,257
60230,Single,"60230_CGGCTATG-CCTATCCT_S65_L001_R1_001.fastq.gz, 60230_CGGCTATG-CCTATCCT_S65_L002_R1_001.fastq.gz, 60230_CGGCTATG-CCTATCCT_S65_L003_R1_001.fastq.gz, 60230_CGGCTATG-CCTATCCT_S65_L004_R1_001.fastq.gz, 60230_CGGCTATG-CCTATCCT_S65_L005_R1_001.fastq.gz, 60230_CGGCTATG-CCTATCCT_S65_L006_R1_001.fastq.gz, 60230_CGGCTATG-CCTATCCT_S65_L007_R1_001.fastq.gz",C,163,O,NS,32,NS.32.O.C.163,6,L,858
60231,Single,"60231_CGGCTATG-GGCTCTGA_S66_L001_R1_001.fastq.gz, 60231_CGGCTATG-GGCTCTGA_S66_L002_R1_001.fastq.gz, 60231_CGGCTATG-GGCTCTGA_S66_L003_R1_001.fastq.gz, 60231_CGGCTATG-GGCTCTGA_S66_L004_R1_001.fastq.gz, 60231_CGGCTATG-GGCTCTGA_S66_L005_R1_001.fastq.gz, 60231_CGGCTATG-GGCTCTGA_S66_L006_R1_001.fastq.gz, 60231_CGGCTATG-GGCTCTGA_S66_L007_R1_001.fastq.gz",C,163,I,NS,32,NS.32.I.C.163,2,L,891
60232,Single,"60232_CGGCTATG-AGGCGAAG_S67_L001_R1_001.fastq.gz, 60232_CGGCTATG-AGGCGAAG_S67_L002_R1_001.fastq.gz, 60232_CGGCTATG-AGGCGAAG_S67_L003_R1_001.fastq.gz, 60232_CGGCTATG-AGGCGAAG_S67_L004_R1_001.fastq.gz, 60232_CGGCTATG-AGGCGAAG_S67_L005_R1_001.fastq.gz, 60232_CGGCTATG-AGGCGAAG_S67_L006_R1_001.fastq.gz, 60232_CGGCTATG-AGGCGAAG_S67_L007_R1_001.fastq.gz",R,303,I,NS,32,NS.32.I.R.303,2,L,992
60233,Single,"60233_CGGCTATG-TAATCTTA_S68_L001_R1_001.fastq.gz, 60233_CGGCTATG-TAATCTTA_S68_L002_R1_001.fastq.gz, 60233_CGGCTATG-TAATCTTA_S68_L003_R1_001.fastq.gz, 60233_CGGCTATG-TAATCTTA_S68_L004_R1_001.fastq.gz, 60233_CGGCTATG-TAATCTTA_S68_L005_R1_001.fastq.gz, 60233_CGGCTATG-TAATCTTA_S68_L006_R1_001.fastq.gz, 60233_CGGCTATG-TAATCTTA_S68_L007_R1_001.fastq.gz",R,303,O,NS,32,NS.32.O.R.303,6,L,921
60234,Single,"60234_CGGCTATG-CAGGACGT_S69_L001_R1_001.fastq.gz, 60234_CGGCTATG-CAGGACGT_S69_L002_R1_001.fastq.gz, 60234_CGGCTATG-CAGGACGT_S69_L003_R1_001.fastq.gz, 60234_CGGCTATG-CAGGACGT_S69_L004_R1_001.fastq.gz, 60234_CGGCTATG-CAGGACGT_S69_L005_R1_001.fastq.gz, 60234_CGGCTATG-CAGGACGT_S69_L006_R1_001.fastq.gz, 60234_CGGCTATG-CAGGACGT_S69_L007_R1_001.fastq.gz",S,102,O,NS,32,NS.32.O.S.102,6,H,1059
60235,Single,"60235_CGGCTATG-GTACTGAC_S70_L001_R1_001.fastq.gz, 60235_CGGCTATG-GTACTGAC_S70_L002_R1_001.fastq.gz, 60235_CGGCTATG-GTACTGAC_S70_L003_R1_001.fastq.gz, 60235_CGGCTATG-GTACTGAC_S70_L004_R1_001.fastq.gz, 60235_CGGCTATG-GTACTGAC_S70_L005_R1_001.fastq.gz, 60235_CGGCTATG-GTACTGAC_S70_L006_R1_001.fastq.gz, 60235_CGGCTATG-GTACTGAC_S70_L007_R1_001.fastq.gz",S,102,I,NS,32,NS.32.I.S.102,2,H,924
60236,Single,"60236_TCCGCGAA-TATAGCCT_S71_L001_R1_001.fastq.gz, 60236_TCCGCGAA-TATAGCCT_S71_L002_R1_001.fastq.gz, 60236_TCCGCGAA-TATAGCCT_S71_L003_R1_001.fastq.gz, 60236_TCCGCGAA-TATAGCCT_S71_L004_R1_001.fastq.gz, 60236_TCCGCGAA-TATAGCCT_S71_L005_R1_001.fastq.gz, 60236_TCCGCGAA-TATAGCCT_S71_L006_R1_001.fastq.gz, 60236_TCCGCGAA-TATAGCCT_S71_L007_R1_001.fastq.gz",S,118,O,NS,32,NS.32.O.S.118,6,H,881
60238,Single,"60238_TCCGCGAA-CCTATCCT_S72_L001_R1_001.fastq.gz, 60238_TCCGCGAA-CCTATCCT_S72_L002_R1_001.fastq.gz, 60238_TCCGCGAA-CCTATCCT_S72_L003_R1_001.fastq.gz, 60238_TCCGCGAA-CCTATCCT_S72_L004_R1_001.fastq.gz, 60238_TCCGCGAA-CCTATCCT_S72_L005_R1_001.fastq.gz, 60238_TCCGCGAA-CCTATCCT_S72_L006_R1_001.fastq.gz, 60238_TCCGCGAA-CCTATCCT_S72_L007_R1_001.fastq.gz",S,118,I,NS,32,NS.32.I.S.118,2,H,1019
60239,Single,"60239_TCCGCGAA-GGCTCTGA_S73_L001_R1_001.fastq.gz, 60239_TCCGCGAA-GGCTCTGA_S73_L002_R1_001.fastq.gz, 60239_TCCGCGAA-GGCTCTGA_S73_L003_R1_001.fastq.gz, 60239_TCCGCGAA-GGCTCTGA_S73_L004_R1_001.fastq.gz, 60239_TCCGCGAA-GGCTCTGA_S73_L005_R1_001.fastq.gz, 60239_TCCGCGAA-GGCTCTGA_S73_L006_R1_001.fastq.gz, 60239_TCCGCGAA-GGCTCTGA_S73_L007_R1_001.fastq.gz",R,347,I,NS,32,NS.32.I.R.347,2,H,762
60240,Single,"60240_TCCGCGAA-AGGCGAAG_S74_L001_R1_001.fastq.gz, 60240_TCCGCGAA-AGGCGAAG_S74_L002_R1_001.fastq.gz, 60240_TCCGCGAA-AGGCGAAG_S74_L003_R1_001.fastq.gz, 60240_TCCGCGAA-AGGCGAAG_S74_L004_R1_001.fastq.gz, 60240_TCCGCGAA-AGGCGAAG_S74_L005_R1_001.fastq.gz, 60240_TCCGCGAA-AGGCGAAG_S74_L006_R1_001.fastq.gz, 60240_TCCGCGAA-AGGCGAAG_S74_L007_R1_001.fastq.gz",R,347,O,NS,32,NS.32.O.R.347,6,H,955
60241,Single,"60241_TCCGCGAA-TAATCTTA_S75_L001_R1_001.fastq.gz, 60241_TCCGCGAA-TAATCTTA_S75_L002_R1_001.fastq.gz, 60241_TCCGCGAA-TAATCTTA_S75_L003_R1_001.fastq.gz, 60241_TCCGCGAA-TAATCTTA_S75_L004_R1_001.fastq.gz, 60241_TCCGCGAA-TAATCTTA_S75_L005_R1_001.fastq.gz, 60241_TCCGCGAA-TAATCTTA_S75_L006_R1_001.fastq.gz, 60241_TCCGCGAA-TAATCTTA_S75_L007_R1_001.fastq.gz",C,136,O,NS,32,NS.32.O.C.136,6,H,986
60242,Single,"60242_TCCGCGAA-CAGGACGT_S76_L001_R1_001.fastq.gz, 60242_TCCGCGAA-CAGGACGT_S76_L002_R1_001.fastq.gz, 60242_TCCGCGAA-CAGGACGT_S76_L003_R1_001.fastq.gz, 60242_TCCGCGAA-CAGGACGT_S76_L004_R1_001.fastq.gz, 60242_TCCGCGAA-CAGGACGT_S76_L005_R1_001.fastq.gz, 60242_TCCGCGAA-CAGGACGT_S76_L006_R1_001.fastq.gz, 60242_TCCGCGAA-CAGGACGT_S76_L007_R1_001.fastq.gz",R,347,I,S,32,S.32.I.R.347,4,H,173
60243,Single,"60243_TCCGCGAA-GTACTGAC_S77_L001_R1_001.fastq.gz, 60243_TCCGCGAA-GTACTGAC_S77_L002_R1_001.fastq.gz, 60243_TCCGCGAA-GTACTGAC_S77_L003_R1_001.fastq.gz, 60243_TCCGCGAA-GTACTGAC_S77_L004_R1_001.fastq.gz, 60243_TCCGCGAA-GTACTGAC_S77_L005_R1_001.fastq.gz, 60243_TCCGCGAA-GTACTGAC_S77_L006_R1_001.fastq.gz, 60243_TCCGCGAA-GTACTGAC_S77_L007_R1_001.fastq.gz",C,136,O,S,32,S.32.O.C.136,8,H,291
60244,Single,"60244_TCTCGCGC-TATAGCCT_S78_L001_R1_001.fastq.gz, 60244_TCTCGCGC-TATAGCCT_S78_L002_R1_001.fastq.gz, 60244_TCTCGCGC-TATAGCCT_S78_L003_R1_001.fastq.gz, 60244_TCTCGCGC-TATAGCCT_S78_L004_R1_001.fastq.gz, 60244_TCTCGCGC-TATAGCCT_S78_L005_R1_001.fastq.gz, 60244_TCTCGCGC-TATAGCCT_S78_L006_R1_001.fastq.gz, 60244_TCTCGCGC-TATAGCCT_S78_L007_R1_001.fastq.gz",S,118,O,S,32,S.32.O.S.118,8,H,235
60245,Single,"60245_TCTCGCGC-ATAGAGGC_S79_L001_R1_001.fastq.gz, 60245_TCTCGCGC-ATAGAGGC_S79_L002_R1_001.fastq.gz, 60245_TCTCGCGC-ATAGAGGC_S79_L003_R1_001.fastq.gz, 60245_TCTCGCGC-ATAGAGGC_S79_L004_R1_001.fastq.gz, 60245_TCTCGCGC-ATAGAGGC_S79_L005_R1_001.fastq.gz, 60245_TCTCGCGC-ATAGAGGC_S79_L006_R1_001.fastq.gz, 60245_TCTCGCGC-ATAGAGGC_S79_L007_R1_001.fastq.gz",S,118,I,S,32,S.32.I.S.118,4,H,169
60246,Single,"60246_TCTCGCGC-CCTATCCT_S80_L001_R1_001.fastq.gz, 60246_TCTCGCGC-CCTATCCT_S80_L002_R1_001.fastq.gz, 60246_TCTCGCGC-CCTATCCT_S80_L003_R1_001.fastq.gz, 60246_TCTCGCGC-CCTATCCT_S80_L004_R1_001.fastq.gz, 60246_TCTCGCGC-CCTATCCT_S80_L005_R1_001.fastq.gz, 60246_TCTCGCGC-CCTATCCT_S80_L006_R1_001.fastq.gz, 60246_TCTCGCGC-CCTATCCT_S80_L007_R1_001.fastq.gz",C,136,I,S,32,S.32.I.C.136,4,H,327
60247,Single,"60247_TCTCGCGC-GGCTCTGA_S81_L001_R1_001.fastq.gz, 60247_TCTCGCGC-GGCTCTGA_S81_L002_R1_001.fastq.gz, 60247_TCTCGCGC-GGCTCTGA_S81_L003_R1_001.fastq.gz, 60247_TCTCGCGC-GGCTCTGA_S81_L004_R1_001.fastq.gz, 60247_TCTCGCGC-GGCTCTGA_S81_L005_R1_001.fastq.gz, 60247_TCTCGCGC-GGCTCTGA_S81_L006_R1_001.fastq.gz, 60247_TCTCGCGC-GGCTCTGA_S81_L007_R1_001.fastq.gz",R,347,O,S,32,S.32.O.R.347,8,H,179
60248,Single,"60248_TCTCGCGC-AGGCGAAG_S82_L001_R1_001.fastq.gz, 60248_TCTCGCGC-AGGCGAAG_S82_L002_R1_001.fastq.gz, 60248_TCTCGCGC-AGGCGAAG_S82_L003_R1_001.fastq.gz, 60248_TCTCGCGC-AGGCGAAG_S82_L004_R1_001.fastq.gz, 60248_TCTCGCGC-AGGCGAAG_S82_L005_R1_001.fastq.gz, 60248_TCTCGCGC-AGGCGAAG_S82_L006_R1_001.fastq.gz, 60248_TCTCGCGC-AGGCGAAG_S82_L007_R1_001.fastq.gz",R,347,O,NS,8,NS.8.O.R.347,5,H,775
60249,Single,"60249_TCTCGCGC-TAATCTTA_S83_L001_R1_001.fastq.gz, 60249_TCTCGCGC-TAATCTTA_S83_L002_R1_001.fastq.gz, 60249_TCTCGCGC-TAATCTTA_S83_L003_R1_001.fastq.gz, 60249_TCTCGCGC-TAATCTTA_S83_L004_R1_001.fastq.gz, 60249_TCTCGCGC-TAATCTTA_S83_L005_R1_001.fastq.gz, 60249_TCTCGCGC-TAATCTTA_S83_L006_R1_001.fastq.gz, 60249_TCTCGCGC-TAATCTTA_S83_L007_R1_001.fastq.gz",C,136,I,NS,8,NS.8.I.C.136,1,H,878
60250,Single,"60250_TCTCGCGC-CAGGACGT_S84_L001_R1_001.fastq.gz, 60250_TCTCGCGC-CAGGACGT_S84_L002_R1_001.fastq.gz, 60250_TCTCGCGC-CAGGACGT_S84_L003_R1_001.fastq.gz, 60250_TCTCGCGC-CAGGACGT_S84_L004_R1_001.fastq.gz, 60250_TCTCGCGC-CAGGACGT_S84_L005_R1_001.fastq.gz, 60250_TCTCGCGC-CAGGACGT_S84_L006_R1_001.fastq.gz, 60250_TCTCGCGC-CAGGACGT_S84_L007_R1_001.fastq.gz",S,118,I,NS,8,NS.8.I.S.118,1,H,806
60251,Single,"60251_TCTCGCGC-GTACTGAC_S85_L001_R1_001.fastq.gz, 60251_TCTCGCGC-GTACTGAC_S85_L002_R1_001.fastq.gz, 60251_TCTCGCGC-GTACTGAC_S85_L003_R1_001.fastq.gz, 60251_TCTCGCGC-GTACTGAC_S85_L004_R1_001.fastq.gz, 60251_TCTCGCGC-GTACTGAC_S85_L005_R1_001.fastq.gz, 60251_TCTCGCGC-GTACTGAC_S85_L006_R1_001.fastq.gz, 60251_TCTCGCGC-GTACTGAC_S85_L007_R1_001.fastq.gz",S,118,O,NS,8,NS.8.O.S.118,5,H,958
60252,Single,"60252_AGCGATAG-TATAGCCT_S86_L001_R1_001.fastq.gz, 60252_AGCGATAG-TATAGCCT_S86_L002_R1_001.fastq.gz, 60252_AGCGATAG-TATAGCCT_S86_L003_R1_001.fastq.gz, 60252_AGCGATAG-TATAGCCT_S86_L004_R1_001.fastq.gz, 60252_AGCGATAG-TATAGCCT_S86_L005_R1_001.fastq.gz, 60252_AGCGATAG-TATAGCCT_S86_L006_R1_001.fastq.gz, 60252_AGCGATAG-TATAGCCT_S86_L007_R1_001.fastq.gz",R,347,I,NS,8,NS.8.I.R.347,1,H,1027
60253,Single,"60253_AGCGATAG-ATAGAGGC_S87_L001_R1_001.fastq.gz, 60253_AGCGATAG-ATAGAGGC_S87_L002_R1_001.fastq.gz, 60253_AGCGATAG-ATAGAGGC_S87_L003_R1_001.fastq.gz, 60253_AGCGATAG-ATAGAGGC_S87_L004_R1_001.fastq.gz, 60253_AGCGATAG-ATAGAGGC_S87_L005_R1_001.fastq.gz, 60253_AGCGATAG-ATAGAGGC_S87_L006_R1_001.fastq.gz, 60253_AGCGATAG-ATAGAGGC_S87_L007_R1_001.fastq.gz",C,136,O,NS,8,NS.8.O.C.136,5,H,749
60254,Single,"60254_AGCGATAG-CCTATCCT_S88_L001_R1_001.fastq.gz, 60254_AGCGATAG-CCTATCCT_S88_L002_R1_001.fastq.gz, 60254_AGCGATAG-CCTATCCT_S88_L003_R1_001.fastq.gz, 60254_AGCGATAG-CCTATCCT_S88_L004_R1_001.fastq.gz, 60254_AGCGATAG-CCTATCCT_S88_L005_R1_001.fastq.gz, 60254_AGCGATAG-CCTATCCT_S88_L006_R1_001.fastq.gz, 60254_AGCGATAG-CCTATCCT_S88_L007_R1_001.fastq.gz",R,347,I,S,8,S.8.I.R.347,3,H,348
60255,Single,"60255_AGCGATAG-GGCTCTGA_S89_L001_R1_001.fastq.gz, 60255_AGCGATAG-GGCTCTGA_S89_L002_R1_001.fastq.gz, 60255_AGCGATAG-GGCTCTGA_S89_L003_R1_001.fastq.gz, 60255_AGCGATAG-GGCTCTGA_S89_L004_R1_001.fastq.gz, 60255_AGCGATAG-GGCTCTGA_S89_L005_R1_001.fastq.gz, 60255_AGCGATAG-GGCTCTGA_S89_L006_R1_001.fastq.gz, 60255_AGCGATAG-GGCTCTGA_S89_L007_R1_001.fastq.gz",C,136,O,S,8,S.8.O.C.136,7,H,252
60256,Single,"60256_AGCGATAG-AGGCGAAG_S90_L001_R1_001.fastq.gz, 60256_AGCGATAG-AGGCGAAG_S90_L002_R1_001.fastq.gz, 60256_AGCGATAG-AGGCGAAG_S90_L003_R1_001.fastq.gz, 60256_AGCGATAG-AGGCGAAG_S90_L004_R1_001.fastq.gz, 60256_AGCGATAG-AGGCGAAG_S90_L005_R1_001.fastq.gz, 60256_AGCGATAG-AGGCGAAG_S90_L006_R1_001.fastq.gz, 60256_AGCGATAG-AGGCGAAG_S90_L007_R1_001.fastq.gz",R,347,O,S,8,S.8.O.R.347,7,H,165
60257,Single,"60257_AGCGATAG-TAATCTTA_S91_L001_R1_001.fastq.gz, 60257_AGCGATAG-TAATCTTA_S91_L002_R1_001.fastq.gz, 60257_AGCGATAG-TAATCTTA_S91_L003_R1_001.fastq.gz, 60257_AGCGATAG-TAATCTTA_S91_L004_R1_001.fastq.gz, 60257_AGCGATAG-TAATCTTA_S91_L005_R1_001.fastq.gz, 60257_AGCGATAG-TAATCTTA_S91_L006_R1_001.fastq.gz, 60257_AGCGATAG-TAATCTTA_S91_L007_R1_001.fastq.gz",S,118,O,S,8,S.8.O.S.118,7,H,261
60258,Single,"60258_AGCGATAG-CAGGACGT_S92_L001_R1_001.fastq.gz, 60258_AGCGATAG-CAGGACGT_S92_L002_R1_001.fastq.gz, 60258_AGCGATAG-CAGGACGT_S92_L003_R1_001.fastq.gz, 60258_AGCGATAG-CAGGACGT_S92_L004_R1_001.fastq.gz, 60258_AGCGATAG-CAGGACGT_S92_L005_R1_001.fastq.gz, 60258_AGCGATAG-CAGGACGT_S92_L006_R1_001.fastq.gz, 60258_AGCGATAG-CAGGACGT_S92_L007_R1_001.fastq.gz",S,118,I,S,8,S.8.I.S.118,3,H,108
60259,Single,"60259_AGCGATAG-GTACTGAC_S93_L001_R1_001.fastq.gz, 60259_AGCGATAG-GTACTGAC_S93_L002_R1_001.fastq.gz, 60259_AGCGATAG-GTACTGAC_S93_L003_R1_001.fastq.gz, 60259_AGCGATAG-GTACTGAC_S93_L004_R1_001.fastq.gz, 60259_AGCGATAG-GTACTGAC_S93_L005_R1_001.fastq.gz, 60259_AGCGATAG-GTACTGAC_S93_L006_R1_001.fastq.gz, 60259_AGCGATAG-GTACTGAC_S93_L007_R1_001.fastq.gz",C,136,I,S,8,S.8.I.C.136,3,H,233
